Filename,Hue,Saturation,Value
1.jpg_2_2.png,28.0,87.0,147.0
22.jpg_4_1.png,25.0,250.0,172.0
42.jpg_2_0.png,109.0,255.0,165.0
32.jpg_0_2.png,22.0,151.0,125.0
51.jpg_3_0.png,108.0,246.0,131.0
16.jpg_3_4.png,26.0,245.0,182.0
28.jpg_3_3.png,45.0,191.0,156.0
44.jpg_1_0.png,21.0,62.0,101.0
34.jpg_3_2.png,25.0,250.0,164.0
7.jpg_1_2.png,25.0,234.0,176.5
4.jpg_4_1.png,26.0,247.0,191.0
27.jpg_2_2.png,21.0,46.0,139.0
47.jpg_4_3.png,44.0,211.0,111.0
57.jpg_0_0.png,39.0,248.0,107.0
52.jpg_4_1.png,46.0,87.0,45.0
32.jpg_2_0.png,26.0,236.0,204.0
42.jpg_0_2.png,25.0,249.0,172.0
1.jpg_0_0.png,43.0,218.0,158.0
51.jpg_1_2.png,48.0,146.0,41.0
66.jpg_3_4.png,38.0,233.0,125.0
28.jpg_1_1.png,22.0,159.0,112.0
7.jpg_3_0.png,51.0,124.0,37.0
34.jpg_1_0.png,20.0,161.0,69.0
44.jpg_3_2.png,108.0,255.0,169.0
57.jpg_2_2.png,38.0,234.0,110.0
37.jpg_4_3.png,19.0,185.0,133.0
27.jpg_0_0.png,44.0,210.0,162.0
69.jpg_4_3.png,35.0,236.0,118.0
15.jpg_2_3.png,43.0,229.0,130.0
65.jpg_0_1.png,33.0,173.0,43.0
38.jpg_3_4.png,23.0,46.0,41.0
13.jpg_1_3.png,23.0,120.0,105.0
63.jpg_3_1.png,23.0,246.0,201.0
70.jpg_2_1.png,106.0,249.0,142.0
57.jpg_4_4.png,107.0,251.0,141.0
1.jpg_4_4.png,26.0,247.0,198.0
19.jpg_4_3.png,23.0,131.0,108.0
65.jpg_2_3.png,35.0,205.0,110.0
15.jpg_0_1.png,106.0,248.0,123.0
63.jpg_1_3.png,40.0,194.0,36.0
13.jpg_3_1.png,26.0,242.0,177.0
70.jpg_0_3.png,106.0,250.0,152.0
27.jpg_4_4.png,53.0,92.0,52.0
47.jpg_2_4.png,45.0,227.0,101.0
70.jpg_0_2.png,105.0,236.0,126.0
13.jpg_3_0.png,26.0,239.0,175.0
63.jpg_1_2.png,23.0,250.0,202.0
54.jpg_3_4.png,22.0,63.0,94.0
41.jpg_1_4.png,25.0,252.0,180.0
15.jpg_0_0.png,51.0,143.0,40.0
65.jpg_2_2.png,28.0,216.0,108.0
19.jpg_4_2.png,26.0,250.0,186.0
52.jpg_0_4.png,21.0,104.0,81.0
37.jpg_2_4.png,25.0,255.0,170.0
4.jpg_0_4.png,105.0,254.0,175.0
70.jpg_2_0.png,106.0,255.0,161.5
63.jpg_3_0.png,23.0,252.0,198.0
13.jpg_1_2.png,42.0,212.0,153.0
24.jpg_3_4.png,26.0,247.0,202.0
31.jpg_1_4.png,45.0,211.0,158.0
65.jpg_0_0.png,40.0,236.0,119.0
15.jpg_2_2.png,26.0,254.0,177.0
22.jpg_0_4.png,105.0,255.0,186.0
69.jpg_4_2.png,23.0,255.0,187.0
27.jpg_0_1.png,107.0,244.0,151.0
37.jpg_4_2.png,51.0,130.0,32.0
57.jpg_2_3.png,40.0,197.0,113.0
7.jpg_3_1.png,53.0,105.0,40.0
44.jpg_3_3.png,34.0,144.0,44.0
34.jpg_1_1.png,26.0,255.0,163.0
28.jpg_1_0.png,24.0,129.0,117.5
51.jpg_1_3.png,20.0,152.0,73.0
42.jpg_0_3.png,25.0,252.0,175.0
32.jpg_2_1.png,42.0,224.0,161.0
52.jpg_4_0.png,63.0,85.0,34.0
69.jpg_2_4.png,17.0,195.0,92.0
1.jpg_0_1.png,43.0,215.0,156.0
15.jpg_4_4.png,51.0,140.0,33.0
4.jpg_4_0.png,26.0,248.0,191.0
57.jpg_0_1.png,39.0,250.0,114.0
47.jpg_4_2.png,25.0,51.0,33.0
27.jpg_2_3.png,26.0,229.0,197.0
34.jpg_3_3.png,42.0,80.0,42.0
44.jpg_1_1.png,45.0,194.0,120.0
7.jpg_1_3.png,35.0,161.0,58.0
28.jpg_3_2.png,41.0,203.0,165.0
51.jpg_3_1.png,23.0,103.0,68.0
19.jpg_2_4.png,26.0,251.0,193.0
1.jpg_2_3.png,105.0,252.0,182.0
32.jpg_0_3.png,22.0,148.0,111.0
42.jpg_2_1.png,45.0,67.0,41.0
22.jpg_4_0.png,106.0,253.0,140.0
65.jpg_4_4.png,43.0,159.0,124.0
22.jpg_4_2.png,26.0,240.0,193.0
42.jpg_2_3.png,109.0,255.0,164.0
32.jpg_0_1.png,23.0,128.0,130.0
69.jpg_0_4.png,20.0,144.0,117.0
1.jpg_2_1.png,49.0,166.0,51.0
51.jpg_3_3.png,43.0,238.0,113.0
7.jpg_1_1.png,26.0,232.0,192.0
44.jpg_1_3.png,21.0,122.0,85.5
34.jpg_3_1.png,46.0,198.0,107.0
28.jpg_3_0.png,26.0,230.0,193.0
27.jpg_2_1.png,34.0,211.0,134.0
47.jpg_4_0.png,25.0,239.0,160.0
57.jpg_0_3.png,37.0,228.0,118.0
4.jpg_4_2.png,26.0,244.0,190.0
19.jpg_0_4.png,26.0,250.0,199.0
1.jpg_0_3.png,43.0,225.0,152.0
52.jpg_4_2.png,50.0,88.0,46.0
32.jpg_2_3.png,26.0,57.0,140.0
42.jpg_0_1.png,25.0,241.0,173.0
51.jpg_1_1.png,34.0,136.0,46.0
34.jpg_1_3.png,44.0,230.0,115.0
44.jpg_3_1.png,25.0,246.0,176.0
7.jpg_3_3.png,35.0,177.0,54.0
28.jpg_1_2.png,25.0,101.0,133.0
70.jpg_4_4.png,105.0,236.0,141.0
57.jpg_2_1.png,30.0,236.0,100.0
37.jpg_4_0.png,107.0,243.0,120.0
27.jpg_0_3.png,38.0,222.0,140.0
15.jpg_2_0.png,53.0,128.0,34.0
65.jpg_0_2.png,46.0,161.0,31.0
69.jpg_4_0.png,22.0,244.0,166.0
52.jpg_2_4.png,22.0,84.0,86.0
41.jpg_3_4.png,50.0,153.0,38.0
13.jpg_1_0.png,24.0,115.0,83.0
63.jpg_3_2.png,23.0,245.0,185.0
54.jpg_1_4.png,108.0,255.0,185.0
47.jpg_0_4.png,109.0,253.0,140.0
70.jpg_2_2.png,22.0,251.0,187.0
65.jpg_2_0.png,108.0,255.0,147.0
15.jpg_0_2.png,105.0,248.0,128.0
22.jpg_2_4.png,48.0,179.0,49.0
19.jpg_4_0.png,107.0,255.0,139.0
31.jpg_3_4.png,49.0,116.0,55.0
63.jpg_1_0.png,23.0,254.0,197.0
13.jpg_3_2.png,27.0,248.0,192.0
24.jpg_1_4.png,25.0,230.0,191.0
37.jpg_0_4.png,108.0,251.0,134.0
4.jpg_2_4.png,32.0,55.0,127.0
70.jpg_0_0.png,106.0,255.0,154.0
70.jpg_0_1.png,105.0,236.0,123.0
38.jpg_1_4.png,41.0,223.0,113.0
13.jpg_3_3.png,26.0,246.0,191.0
63.jpg_1_1.png,23.0,254.0,201.0
42.jpg_4_4.png,42.0,38.0,97.0
19.jpg_4_1.png,26.0,251.0,184.0
15.jpg_0_3.png,107.0,252.0,132.0
65.jpg_2_1.png,39.0,235.0,116.0
70.jpg_2_3.png,27.0,213.0,58.0
63.jpg_3_3.png,17.0,129.0,104.0
13.jpg_1_1.png,38.0,231.0,129.0
69.jpg_4_1.png,19.0,85.0,35.0
32.jpg_4_4.png,25.0,234.0,186.0
65.jpg_0_3.png,107.0,249.0,131.0
15.jpg_2_1.png,26.0,248.0,162.0
27.jpg_0_2.png,106.0,254.0,189.0
37.jpg_4_1.png,55.0,90.0,32.0
57.jpg_2_0.png,40.0,248.0,107.0
28.jpg_1_3.png,22.0,132.0,111.0
44.jpg_3_0.png,51.0,113.0,33.0
34.jpg_1_2.png,23.0,90.0,58.0
7.jpg_3_2.png,50.0,127.0,37.0
51.jpg_1_0.png,42.0,221.0,127.0
16.jpg_1_4.png,26.0,108.0,107.0
1.jpg_0_2.png,41.0,210.0,155.0
42.jpg_0_0.png,25.0,234.0,155.0
32.jpg_2_2.png,23.0,131.0,111.0
52.jpg_4_3.png,26.0,229.0,176.0
57.jpg_0_2.png,39.0,236.0,116.0
47.jpg_4_1.png,23.0,40.0,32.0
27.jpg_2_0.png,26.0,240.0,195.0
4.jpg_4_3.png,34.0,157.0,52.0
28.jpg_3_1.png,41.0,212.0,157.0
7.jpg_1_0.png,25.0,238.0,178.0
34.jpg_3_0.png,46.0,243.0,107.0
44.jpg_1_2.png,107.0,251.0,145.0
51.jpg_3_2.png,42.0,220.0,123.0
66.jpg_1_4.png,18.0,159.0,103.0
32.jpg_0_0.png,24.0,107.0,82.5
42.jpg_2_2.png,56.0,94.0,31.0
22.jpg_4_3.png,37.0,147.0,62.0
1.jpg_2_0.png,49.0,147.0,46.0
66.jpg_1_0.png,23.0,221.0,191.0
16.jpg_3_2.png,48.0,167.0,44.0
69.jpg_0_1.png,17.0,122.0,122.0
1.jpg_2_4.png,107.0,229.0,142.0
19.jpg_2_3.png,26.0,248.0,193.0
32.jpg_0_4.png,26.0,246.0,200.0
65.jpg_4_3.png,23.0,227.0,186.0
27.jpg_2_4.png,38.0,106.0,65.0
34.jpg_3_4.png,23.0,47.0,36.0
7.jpg_1_4.png,105.0,255.0,176.0
16.jpg_1_0.png,26.0,247.0,189.0
66.jpg_3_2.png,17.0,152.0,87.0
51.jpg_1_4.png,43.0,249.0,87.0
42.jpg_0_4.png,25.0,252.0,177.0
19.jpg_0_1.png,26.0,252.0,195.0
69.jpg_2_3.png,18.0,142.0,117.0
15.jpg_4_3.png,53.0,149.0,32.0
70.jpg_4_1.png,105.0,255.0,162.0
57.jpg_2_4.png,31.0,206.0,109.0
44.jpg_3_4.png,51.0,150.0,37.0
31.jpg_1_3.png,43.0,211.0,162.0
41.jpg_3_1.png,25.0,246.0,177.0
32.jpg_4_0.png,23.0,97.0,138.5
52.jpg_2_1.png,27.0,230.0,170.0
22.jpg_0_3.png,47.0,182.0,48.0
37.jpg_2_3.png,52.0,145.0,31.0
57.jpg_4_2.png,21.0,47.0,105.0
47.jpg_0_1.png,42.0,217.0,131.0
4.jpg_0_3.png,105.0,236.0,142.0
38.jpg_3_2.png,25.0,249.0,166.0
54.jpg_1_1.png,48.0,98.0,41.0
24.jpg_3_3.png,33.0,217.0,146.0
41.jpg_1_3.png,21.0,124.0,88.0
31.jpg_3_1.png,26.0,248.0,192.0
1.jpg_4_2.png,41.0,224.0,148.0
42.jpg_4_0.png,55.0,91.0,28.0
22.jpg_2_1.png,37.0,190.0,56.0
52.jpg_0_3.png,22.0,36.0,99.0
4.jpg_2_1.png,34.0,224.0,136.0
47.jpg_2_3.png,38.0,241.0,97.0
27.jpg_4_2.png,34.0,139.0,54.0
37.jpg_0_1.png,26.0,255.0,160.0
38.jpg_1_0.png,21.0,164.0,69.0
24.jpg_1_1.png,22.0,140.0,116.0
54.jpg_3_3.png,25.0,228.0,149.0
54.jpg_3_2.png,26.0,234.0,164.0
24.jpg_1_0.png,104.0,252.0,193.0
63.jpg_1_4.png,40.0,146.5,21.0
38.jpg_1_1.png,25.0,255.0,165.0
70.jpg_0_4.png,105.0,250.0,162.0
4.jpg_2_0.png,26.0,240.0,180.0
37.jpg_0_0.png,37.0,188.0,90.0
27.jpg_4_3.png,50.0,116.0,45.0
47.jpg_2_2.png,30.0,60.0,53.0
19.jpg_4_4.png,25.0,247.0,170.0
1.jpg_4_3.png,38.0,231.0,136.0
52.jpg_0_2.png,26.0,225.0,154.0
22.jpg_2_0.png,26.0,254.0,187.0
42.jpg_4_1.png,63.0,73.0,29.0
65.jpg_2_4.png,43.0,195.0,129.0
31.jpg_3_0.png,26.0,243.0,190.0
41.jpg_1_2.png,107.0,251.0,147.0
24.jpg_3_2.png,51.0,121.0,46.0
54.jpg_1_0.png,70.0,83.0,39.0
38.jpg_3_3.png,43.0,78.0,46.0
13.jpg_1_4.png,24.0,80.0,129.0
47.jpg_0_0.png,34.0,142.5,47.0
57.jpg_4_3.png,23.0,244.0,163.0
37.jpg_2_2.png,30.0,120.0,70.0
4.jpg_0_2.png,105.0,254.0,172.0
22.jpg_0_2.png,21.0,198.0,155.0
52.jpg_2_0.png,27.0,235.0,170.0
32.jpg_4_1.png,48.0,145.0,48.0
69.jpg_4_4.png,22.0,154.0,90.0
15.jpg_2_4.png,41.0,236.0,124.0
41.jpg_3_0.png,51.0,116.0,33.0
31.jpg_1_2.png,35.0,213.0,139.0
37.jpg_4_4.png,18.0,200.0,130.0
70.jpg_4_0.png,23.0,130.0,73.0
15.jpg_4_2.png,32.0,83.0,45.0
69.jpg_2_2.png,19.0,153.0,71.0
19.jpg_0_0.png,25.0,245.0,175.0
66.jpg_3_3.png,18.0,136.0,89.0
16.jpg_1_1.png,105.0,244.0,141.0
28.jpg_3_4.png,26.0,230.0,198.0
47.jpg_4_4.png,48.0,185.0,95.0
65.jpg_4_2.png,24.0,39.5,114.0
19.jpg_2_2.png,19.0,72.0,130.0
69.jpg_0_0.png,23.0,242.0,178.0
16.jpg_3_3.png,26.0,237.0,186.0
66.jpg_1_1.png,20.0,67.0,42.0
66.jpg_1_3.png,24.0,250.0,195.0
16.jpg_3_1.png,105.0,255.0,173.0
65.jpg_4_0.png,20.0,48.0,112.0
22.jpg_4_4.png,50.0,154.5,48.0
69.jpg_0_2.png,18.0,164.0,105.0
19.jpg_2_0.png,46.0,197.0,39.0
4.jpg_4_4.png,106.0,255.0,166.0
16.jpg_1_3.png,23.0,173.0,92.0
66.jpg_3_1.png,20.0,119.0,70.0
15.jpg_4_0.png,55.0,119.0,28.0
19.jpg_0_2.png,23.0,143.0,87.0
69.jpg_2_0.png,23.0,247.0,189.0
52.jpg_4_4.png,25.0,16.0,116.0
70.jpg_4_2.png,38.0,180.0,41.0
28.jpg_1_4.png,26.0,239.0,201.0
31.jpg_1_0.png,44.0,208.0,154.0
41.jpg_3_2.png,108.0,255.0,170.0
32.jpg_4_3.png,42.0,211.0,155.0
52.jpg_2_2.png,28.0,115.0,66.0
22.jpg_0_0.png,43.0,236.0,140.0
65.jpg_0_4.png,106.0,253.0,166.0
70.jpg_2_4.png,105.0,252.0,164.0
4.jpg_0_0.png,105.0,239.0,142.0
37.jpg_2_0.png,108.0,241.5,110.0
57.jpg_4_1.png,44.0,147.0,30.0
47.jpg_0_2.png,108.0,246.0,138.0
54.jpg_1_2.png,108.0,254.0,182.0
24.jpg_3_0.png,105.0,251.0,181.0
63.jpg_3_4.png,38.0,139.0,22.0
38.jpg_3_1.png,46.0,186.0,110.0
41.jpg_1_0.png,21.0,61.0,102.0
31.jpg_3_2.png,26.0,242.0,193.0
42.jpg_4_3.png,22.0,103.0,50.0
22.jpg_2_2.png,34.0,112.0,58.0
52.jpg_0_0.png,108.0,254.0,163.0
1.jpg_4_1.png,43.0,216.0,153.0
15.jpg_0_4.png,21.0,200.0,143.0
47.jpg_2_0.png,48.0,137.0,37.0
27.jpg_4_1.png,50.0,140.0,45.0
37.jpg_0_2.png,108.0,246.0,113.0
4.jpg_2_2.png,26.0,251.0,193.0
24.jpg_1_2.png,23.0,121.0,135.0
54.jpg_3_0.png,26.0,225.5,165.0
38.jpg_1_3.png,43.0,229.0,116.0
13.jpg_3_4.png,26.0,235.0,192.0
38.jpg_1_2.png,22.0,94.0,57.0
54.jpg_3_1.png,25.0,235.0,146.0
24.jpg_1_3.png,24.0,64.0,52.0
37.jpg_0_3.png,108.0,250.0,127.0
27.jpg_4_0.png,26.0,239.0,190.0
47.jpg_2_1.png,42.0,226.0,124.0
4.jpg_2_3.png,26.0,247.0,191.0
52.jpg_0_1.png,26.0,220.0,149.0
22.jpg_2_3.png,48.0,182.0,46.0
42.jpg_4_2.png,21.0,76.0,82.0
1.jpg_4_0.png,51.0,146.0,47.0
31.jpg_3_3.png,25.0,237.0,180.0
41.jpg_1_1.png,45.0,195.0,121.0
38.jpg_3_0.png,46.0,235.0,105.0
24.jpg_3_1.png,48.0,162.0,49.0
54.jpg_1_3.png,108.0,245.0,136.0
4.jpg_0_1.png,105.0,252.0,168.0
47.jpg_0_3.png,20.0,156.0,80.0
57.jpg_4_0.png,108.0,255.0,143.0
37.jpg_2_1.png,21.0,76.0,88.0
22.jpg_0_1.png,20.0,202.0,150.0
52.jpg_2_3.png,24.0,77.0,58.0
32.jpg_4_2.png,34.5,51.0,84.0
41.jpg_3_3.png,34.0,138.0,44.0
31.jpg_1_1.png,38.0,219.0,122.0
34.jpg_1_4.png,42.0,221.0,113.0
7.jpg_3_4.png,48.0,144.0,38.0
70.jpg_4_3.png,42.0,125.0,41.0
27.jpg_0_4.png,26.0,241.0,202.0
69.jpg_2_1.png,19.0,167.0,92.0
1.jpg_0_4.png,55.0,83.0,46.0
19.jpg_0_3.png,22.0,146.0,77.0
32.jpg_2_4.png,26.0,228.0,198.0
15.jpg_4_1.png,55.0,112.0,33.0
66.jpg_3_0.png,23.0,240.0,186.0
16.jpg_1_2.png,43.0,237.0,145.0
44.jpg_1_4.png,25.0,252.0,178.0
57.jpg_0_4.png,38.0,242.0,114.0
42.jpg_2_4.png,25.0,246.0,171.0
19.jpg_2_1.png,41.0,233.0,148.0
69.jpg_0_3.png,17.0,170.0,99.0
65.jpg_4_1.png,23.0,228.0,183.0
16.jpg_3_0.png,43.0,224.0,152.0
66.jpg_1_2.png,20.0,119.0,76.0
51.jpg_3_4.png,45.0,226.0,85.0
65.jpg_3_0.png,24.0,251.0,181.0
15.jpg_1_2.png,26.0,244.0,179.0
22.jpg_3_4.png,48.0,159.0,48.0
31.jpg_2_4.png,38.0,110.0,66.0
16.jpg_4_1.png,20.0,209.0,140.0
63.jpg_0_0.png,19.0,167.0,95.0
13.jpg_2_2.png,34.0,217.0,136.0
24.jpg_0_4.png,26.0,233.0,205.0
4.jpg_3_4.png,106.0,255.0,167.0
37.jpg_1_4.png,49.0,170.0,30.0
70.jpg_1_0.png,105.0,253.0,158.0
15.jpg_3_0.png,52.0,128.0,34.0
65.jpg_1_2.png,38.0,218.0,115.0
52.jpg_3_4.png,21.0,90.0,79.0
41.jpg_2_4.png,25.0,251.0,181.0
66.jpg_4_1.png,21.0,57.0,36.0
13.jpg_0_0.png,21.0,165.0,157.0
63.jpg_2_2.png,23.0,249.0,203.0
54.jpg_0_4.png,107.0,254.0,191.0
47.jpg_1_4.png,35.0,211.5,81.0
70.jpg_3_2.png,36.0,211.0,43.0
32.jpg_3_3.png,45.0,195.0,154.0
42.jpg_1_1.png,25.0,240.0,170.0
19.jpg_1_4.png,26.0,247.0,197.0
1.jpg_1_3.png,22.0,143.0,107.0
51.jpg_0_1.png,108.0,251.0,146.0
41.jpg_4_2.png,108.0,255.0,171.0
7.jpg_2_3.png,48.0,174.0,41.0
34.jpg_0_3.png,21.0,121.0,71.0
44.jpg_2_1.png,25.0,243.0,176.0
24.jpg_4_0.png,105.0,254.0,189.0
38.jpg_4_1.png,39.0,192.0,91.0
28.jpg_0_2.png,22.0,145.0,128.0
63.jpg_4_4.png,107.0,251.0,118.0
57.jpg_3_1.png,23.0,255.0,178.0
27.jpg_1_3.png,43.0,209.0,164.0
1.jpg_3_1.png,35.0,159.0,60.0
69.jpg_1_4.png,17.0,185.0,107.0
42.jpg_3_3.png,37.0,135.0,36.0
32.jpg_1_1.png,22.0,158.0,112.0
31.jpg_4_2.png,35.0,142.0,54.0
51.jpg_2_3.png,108.0,254.0,154.0
44.jpg_0_3.png,23.0,102.0,59.0
34.jpg_2_1.png,26.0,250.0,163.0
54.jpg_4_0.png,51.0,164.5,114.0
7.jpg_0_1.png,26.0,245.0,195.0
13.jpg_4_4.png,105.0,254.0,163.0
28.jpg_2_0.png,26.0,234.0,206.0
27.jpg_3_1.png,26.0,248.0,194.0
57.jpg_1_3.png,19.0,151.0,82.0
57.jpg_1_2.png,37.0,244.0,105.0
27.jpg_3_0.png,26.0,241.0,192.0
28.jpg_2_1.png,42.0,223.0,163.0
54.jpg_4_1.png,47.0,194.0,122.0
34.jpg_2_0.png,22.0,32.0,95.0
44.jpg_0_2.png,50.0,134.0,31.0
7.jpg_0_0.png,22.0,128.0,105.0
51.jpg_2_2.png,30.0,42.0,111.0
31.jpg_4_3.png,49.0,120.0,45.0
66.jpg_0_4.png,20.0,109.0,120.0
1.jpg_3_0.png,50.0,139.0,47.0
32.jpg_1_0.png,24.0,126.0,110.0
42.jpg_3_2.png,55.0,100.0,28.0
27.jpg_1_2.png,35.0,211.0,142.0
57.jpg_3_0.png,38.0,236.0,115.0
28.jpg_0_3.png,22.0,140.0,112.0
38.jpg_4_0.png,45.0,206.0,117.0
7.jpg_2_2.png,32.0,91.0,64.0
24.jpg_4_1.png,105.0,244.0,157.0
44.jpg_2_0.png,25.0,245.0,159.0
34.jpg_0_2.png,22.0,102.0,76.0
41.jpg_4_3.png,107.0,254.0,173.0
51.jpg_0_0.png,37.0,228.0,98.0
16.jpg_0_4.png,22.0,155.0,103.0
42.jpg_1_0.png,108.0,253.0,156.0
32.jpg_3_2.png,41.0,205.0,162.0
1.jpg_1_2.png,23.0,127.0,107.0
70.jpg_3_3.png,37.0,195.0,42.0
7.jpg_4_4.png,105.0,249.0,135.0
63.jpg_2_3.png,22.0,252.0,165.0
13.jpg_0_1.png,27.0,248.0,190.0
66.jpg_4_0.png,23.0,226.0,165.0
65.jpg_1_3.png,36.0,177.0,100.0
15.jpg_3_1.png,51.0,135.0,35.0
70.jpg_1_1.png,23.0,250.0,200.0
13.jpg_2_3.png,27.0,242.0,192.0
63.jpg_0_1.png,30.0,210.0,59.0
38.jpg_0_4.png,50.0,128.0,33.0
16.jpg_4_0.png,21.0,199.0,145.0
51.jpg_4_4.png,25.0,255.0,137.0
15.jpg_1_3.png,39.0,234.0,103.0
65.jpg_3_1.png,23.0,244.0,166.0
65.jpg_3_3.png,24.0,239.0,187.0
15.jpg_1_1.png,26.0,249.0,179.0
16.jpg_4_2.png,105.0,255.0,168.0
34.jpg_4_4.png,108.0,253.0,149.0
63.jpg_0_3.png,40.0,191.0,40.0
13.jpg_2_1.png,106.0,253.0,167.0
70.jpg_1_3.png,37.0,196.0,38.0
15.jpg_3_3.png,35.0,141.0,44.0
65.jpg_1_1.png,40.0,225.0,118.0
66.jpg_4_2.png,24.0,255.0,186.0
44.jpg_4_4.png,24.0,107.0,79.0
13.jpg_0_3.png,27.0,238.0,191.0
63.jpg_2_1.png,106.0,235.0,127.0
38.jpg_2_4.png,25.0,248.0,172.0
70.jpg_3_1.png,105.0,244.0,132.0
1.jpg_1_0.png,105.0,254.0,187.0
32.jpg_3_0.png,26.0,233.0,191.0
42.jpg_1_2.png,108.0,241.0,125.0
51.jpg_0_2.png,48.0,146.0,37.0
41.jpg_4_1.png,108.0,255.0,162.0
66.jpg_2_4.png,17.0,169.0,91.0
38.jpg_4_2.png,25.0,248.0,168.0
28.jpg_0_1.png,22.0,125.0,129.0
34.jpg_0_0.png,24.0,90.0,77.0
44.jpg_2_2.png,108.0,253.0,160.0
24.jpg_4_3.png,104.0,234.0,151.0
7.jpg_2_0.png,48.0,157.0,45.0
57.jpg_3_2.png,23.0,244.0,160.0
27.jpg_1_0.png,44.0,203.0,157.0
42.jpg_3_0.png,56.0,88.0,29.0
32.jpg_1_2.png,25.0,110.0,129.0
1.jpg_3_2.png,47.0,168.0,46.0
31.jpg_4_1.png,51.0,142.0,44.0
51.jpg_2_0.png,107.0,244.0,133.0
16.jpg_2_4.png,29.0,50.0,78.0
28.jpg_2_3.png,26.0,51.0,142.0
7.jpg_0_2.png,24.0,58.5,43.0
44.jpg_0_0.png,26.0,252.0,172.0
34.jpg_2_2.png,26.0,253.0,166.0
54.jpg_4_3.png,27.0,37.5,32.0
27.jpg_3_2.png,26.0,242.0,195.0
57.jpg_1_0.png,29.0,189.0,37.0
57.jpg_1_1.png,39.0,210.5,28.0
27.jpg_3_3.png,25.0,235.0,180.0
7.jpg_0_3.png,26.0,244.0,198.0
54.jpg_4_2.png,49.0,172.0,111.0
34.jpg_2_3.png,25.0,243.0,168.0
44.jpg_0_1.png,35.0,199.0,109.0
28.jpg_2_2.png,22.0,119.0,113.0
51.jpg_2_1.png,51.0,106.0,38.0
31.jpg_4_0.png,26.0,241.0,189.0
32.jpg_1_3.png,22.0,142.0,107.5
42.jpg_3_1.png,67.0,75.0,30.0
19.jpg_3_4.png,26.0,251.0,191.0
1.jpg_3_3.png,34.0,217.0,141.0
27.jpg_1_1.png,38.0,216.0,123.0
57.jpg_3_3.png,23.0,240.0,181.0
24.jpg_4_2.png,104.0,234.0,158.0
44.jpg_2_3.png,25.0,254.0,178.0
34.jpg_0_1.png,21.0,127.0,63.0
7.jpg_2_1.png,42.0,102.0,51.0
28.jpg_0_0.png,23.0,111.0,97.0
38.jpg_4_3.png,24.0,238.0,150.0
41.jpg_4_0.png,108.0,249.0,134.0
51.jpg_0_3.png,25.0,255.0,181.0
1.jpg_1_1.png,50.0,158.0,46.0
69.jpg_3_4.png,37.0,247.0,116.0
42.jpg_1_3.png,108.0,249.0,129.0
32.jpg_3_1.png,41.0,215.0,155.0
4.jpg_1_4.png,105.0,254.0,173.0
37.jpg_3_4.png,25.0,255.0,173.0
70.jpg_3_0.png,106.0,255.0,158.0
63.jpg_2_0.png,22.0,111.0,82.0
13.jpg_0_2.png,21.0,167.0,157.0
24.jpg_2_4.png,26.0,232.0,203.0
31.jpg_0_4.png,26.0,241.0,201.0
66.jpg_4_3.png,37.0,216.0,125.0
65.jpg_1_0.png,40.0,234.0,121.0
15.jpg_3_2.png,36.0,146.0,38.0
22.jpg_1_4.png,105.0,254.0,183.0
47.jpg_3_4.png,46.0,195.0,98.0
70.jpg_1_2.png,23.0,252.0,201.0
28.jpg_4_4.png,25.0,233.0,186.0
13.jpg_2_0.png,27.0,246.0,191.0
63.jpg_0_2.png,38.0,170.0,43.0
54.jpg_2_4.png,108.0,255.0,184.0
41.jpg_0_4.png,23.0,126.0,82.0
16.jpg_4_3.png,106.0,255.0,165.0
15.jpg_1_0.png,35.0,123.0,45.0
65.jpg_3_2.png,24.0,246.0,186.0
52.jpg_1_4.png,26.0,58.0,89.0
41.jpg_0_0.png,26.0,251.0,174.0
51.jpg_4_3.png,25.0,255.0,153.0
31.jpg_2_2.png,24.0,100.0,82.0
22.jpg_3_2.png,25.0,248.0,169.0
52.jpg_1_0.png,23.0,50.0,73.0
15.jpg_1_4.png,21.0,193.0,143.0
4.jpg_3_2.png,26.0,236.0,191.0
47.jpg_3_0.png,25.0,248.0,163.0
37.jpg_1_2.png,25.0,250.0,161.0
24.jpg_0_2.png,23.0,132.0,95.0
54.jpg_2_0.png,66.0,59.0,45.0
34.jpg_4_1.png,39.0,208.0,88.0
13.jpg_2_4.png,26.0,231.0,181.0
28.jpg_4_0.png,22.0,93.0,140.0
38.jpg_0_3.png,21.0,121.0,76.0
31.jpg_0_0.png,44.0,214.0,159.0
41.jpg_2_2.png,108.0,253.0,162.0
52.jpg_3_2.png,26.0,232.0,171.0
22.jpg_1_0.png,35.0,179.0,50.0
65.jpg_1_4.png,30.0,162.0,118.0
70.jpg_3_4.png,105.0,249.0,158.0
37.jpg_3_0.png,108.0,255.0,148.0
47.jpg_1_2.png,37.0,215.0,96.0
4.jpg_1_0.png,26.0,240.0,196.0
7.jpg_4_3.png,106.0,255.0,164.0
54.jpg_0_2.png,58.0,99.0,36.0
24.jpg_2_0.png,105.0,254.0,191.0
44.jpg_4_1.png,108.0,255.0,162.0
38.jpg_2_1.png,25.0,251.0,165.0
63.jpg_2_4.png,38.0,174.0,25.0
41.jpg_4_4.png,25.0,74.0,126.0
16.jpg_0_3.png,43.0,224.0,154.0
66.jpg_2_1.png,20.0,131.0,89.0
19.jpg_1_2.png,23.0,136.0,107.0
69.jpg_3_0.png,23.0,252.0,186.0
28.jpg_0_4.png,26.0,244.0,202.0
63.jpg_4_2.png,106.0,252.0,155.0
31.jpg_4_4.png,53.0,94.0,53.0
66.jpg_0_3.png,18.0,149.0,95.0
16.jpg_2_1.png,105.0,254.0,170.0
69.jpg_1_2.png,19.0,148.0,78.0
19.jpg_3_0.png,40.0,241.0,127.0
13.jpg_4_2.png,26.0,244.0,192.0
44.jpg_0_4.png,23.0,121.0,79.0
13.jpg_4_3.png,28.0,128.0,51.0
57.jpg_1_4.png,18.0,166.0,82.0
19.jpg_3_1.png,44.0,235.0,139.0
69.jpg_1_3.png,23.0,254.0,197.0
42.jpg_3_4.png,39.0,108.0,37.0
16.jpg_2_0.png,45.0,227.0,149.0
66.jpg_0_2.png,18.0,133.0,103.0
51.jpg_2_4.png,35.0,226.0,75.0
7.jpg_2_4.png,104.0,249.0,156.0
34.jpg_0_4.png,51.0,124.0,32.0
63.jpg_4_3.png,108.0,255.0,135.0
27.jpg_1_4.png,45.0,209.0,159.0
32.jpg_3_4.png,26.0,231.0,197.0
1.jpg_1_4.png,105.0,227.0,156.0
69.jpg_3_1.png,19.0,153.0,73.0
19.jpg_1_3.png,25.0,132.0,103.0
66.jpg_2_0.png,24.0,229.0,189.0
16.jpg_0_2.png,44.0,218.0,153.0
38.jpg_2_0.png,24.0,117.0,66.0
7.jpg_4_2.png,106.0,250.0,152.0
44.jpg_4_0.png,107.0,248.0,132.0
24.jpg_2_1.png,40.0,213.0,167.0
54.jpg_0_3.png,108.0,255.0,188.0
47.jpg_1_3.png,42.0,242.0,120.0
37.jpg_3_1.png,25.0,252.0,168.0
4.jpg_1_1.png,26.0,242.0,184.0
22.jpg_1_1.png,47.0,191.0,42.0
52.jpg_3_3.png,26.0,243.0,176.0
41.jpg_2_3.png,25.0,254.0,180.0
31.jpg_0_1.png,106.0,246.0,145.0
38.jpg_0_2.png,22.0,105.5,77.0
28.jpg_4_1.png,48.0,136.0,49.0
34.jpg_4_0.png,44.0,226.0,113.0
54.jpg_2_1.png,60.0,85.0,36.0
24.jpg_0_3.png,23.0,80.0,57.0
4.jpg_3_3.png,35.0,163.0,54.0
37.jpg_1_3.png,50.0,151.0,29.0
47.jpg_3_1.png,25.0,248.0,154.0
52.jpg_1_1.png,26.0,228.0,168.0
22.jpg_3_3.png,46.0,183.0,48.0
31.jpg_2_3.png,26.0,230.0,196.0
51.jpg_4_2.png,25.0,245.0,154.0
41.jpg_0_1.png,36.0,204.0,109.0
41.jpg_0_3.png,23.0,104.0,64.0
51.jpg_4_0.png,25.0,249.0,180.0
31.jpg_2_1.png,35.0,209.0,128.0
16.jpg_4_4.png,105.0,246.0,131.0
22.jpg_3_1.png,26.0,252.0,191.0
52.jpg_1_3.png,26.0,49.0,36.0
47.jpg_3_3.png,25.0,255.0,163.0
37.jpg_1_1.png,25.0,246.0,139.0
4.jpg_3_1.png,44.0,204.0,145.0
28.jpg_4_3.png,43.0,205.0,156.0
38.jpg_0_0.png,24.0,84.0,85.0
24.jpg_0_1.png,47.0,177.0,54.0
54.jpg_2_3.png,26.0,231.0,170.0
34.jpg_4_2.png,25.0,252.0,165.0
31.jpg_0_3.png,38.0,224.0,139.0
41.jpg_2_1.png,25.0,243.0,177.0
66.jpg_4_4.png,22.0,103.0,130.0
52.jpg_3_1.png,26.0,236.0,172.0
22.jpg_1_3.png,35.0,191.0,59.0
4.jpg_1_3.png,26.0,235.0,193.0
37.jpg_3_3.png,48.0,144.0,32.0
47.jpg_1_1.png,40.0,226.0,123.0
38.jpg_2_2.png,26.0,252.0,168.0
54.jpg_0_1.png,59.0,105.0,36.0
24.jpg_2_3.png,43.0,200.0,159.0
44.jpg_4_2.png,108.0,255.0,171.0
7.jpg_4_0.png,52.0,127.0,34.0
16.jpg_0_0.png,27.0,247.0,191.0
66.jpg_2_2.png,20.0,121.0,76.0
51.jpg_0_4.png,38.0,249.0,79.0
19.jpg_1_1.png,37.0,241.0,128.0
69.jpg_3_3.png,17.0,168.0,91.0
42.jpg_1_4.png,25.0,251.0,174.0
57.jpg_3_4.png,106.0,253.0,153.0
44.jpg_2_4.png,25.0,251.0,180.0
63.jpg_4_1.png,105.0,241.0,144.0
38.jpg_4_4.png,108.0,253.0,148.0
66.jpg_0_0.png,23.0,226.0,180.0
16.jpg_2_2.png,34.0,227.0,128.0
32.jpg_1_4.png,26.0,240.0,199.0
1.jpg_3_4.png,37.0,214.0,130.0
69.jpg_1_1.png,19.0,107.0,43.0
19.jpg_3_3.png,30.0,193.0,57.0
27.jpg_3_4.png,49.0,115.0,55.0
7.jpg_0_4.png,105.0,253.0,173.0
34.jpg_2_4.png,25.0,248.0,170.0
13.jpg_4_1.png,35.0,164.0,56.0
28.jpg_2_4.png,26.0,228.0,200.0
13.jpg_4_0.png,42.0,222.0,148.0
54.jpg_4_4.png,24.0,66.0,60.0
19.jpg_3_2.png,48.0,156.0,44.0
69.jpg_1_0.png,23.0,242.0,191.0
16.jpg_2_3.png,45.0,206.0,143.0
66.jpg_0_1.png,18.0,96.0,120.0
63.jpg_4_0.png,106.0,253.0,155.0
24.jpg_4_4.png,26.0,239.0,200.0
69.jpg_3_2.png,16.0,181.0,87.0
19.jpg_1_0.png,40.0,232.0,141.0
66.jpg_2_3.png,19.0,123.0,114.0
16.jpg_0_1.png,52.0,116.0,41.0
44.jpg_4_3.png,107.0,252.0,170.0
24.jpg_2_2.png,28.0,115.0,105.0
54.jpg_0_0.png,74.0,87.0,43.0
7.jpg_4_1.png,53.0,123.0,38.0
13.jpg_0_4.png,23.0,110.0,103.0
38.jpg_2_3.png,25.0,241.0,169.0
4.jpg_1_2.png,26.0,239.0,194.0
47.jpg_1_0.png,48.0,142.0,35.0
37.jpg_3_2.png,50.0,134.0,31.0
22.jpg_1_2.png,46.0,185.0,46.0
52.jpg_3_0.png,63.0,79.0,35.0
15.jpg_3_4.png,48.0,138.0,31.0
41.jpg_2_0.png,25.0,243.0,161.0
31.jpg_0_2.png,105.0,254.0,183.0
34.jpg_4_3.png,25.0,243.0,148.0
54.jpg_2_2.png,35.0,78.0,69.0
24.jpg_0_0.png,104.0,247.0,181.0
38.jpg_0_1.png,22.0,121.0,69.0
28.jpg_4_2.png,30.0,48.0,145.0
63.jpg_0_4.png,36.0,161.0,23.0
70.jpg_1_4.png,105.0,247.0,156.0
37.jpg_1_0.png,26.0,250.0,161.0
47.jpg_3_2.png,25.0,245.0,154.0
4.jpg_3_0.png,23.0,107.0,127.0
52.jpg_1_2.png,26.0,235.0,168.0
22.jpg_3_0.png,26.0,254.0,185.0
65.jpg_3_4.png,42.0,177.0,135.0
31.jpg_2_0.png,26.0,242.0,193.0
51.jpg_4_1.png,25.0,254.0,175.0
41.jpg_0_2.png,49.0,142.0,32.0
30.jpg_1_1.png,26.0,240.0,194.0
40.jpg_3_3.png,44.0,235.0,88.0
53.jpg_2_3.png,66.0,76.0,36.0
33.jpg_4_2.png,53.0,117.0,33.0
23.jpg_0_1.png,26.0,251.0,195.0
11.jpg_4_4.png,49.0,155.0,36.0
9.jpg_4_3.png,28.0,94.0,146.0
5.jpg_0_1.png,44.0,211.0,162.0
56.jpg_4_0.png,107.0,255.0,155.0
55.jpg_1_3.png,20.0,118.0,86.0
25.jpg_3_1.png,106.0,246.0,190.0
40.jpg_1_1.png,25.0,249.0,184.0
30.jpg_3_3.png,52.0,125.0,46.0
23.jpg_2_3.png,26.0,248.0,195.0
53.jpg_0_1.png,26.0,244.0,164.0
61.jpg_4_4.png,107.0,251.0,143.0
26.jpg_4_0.png,106.0,255.0,185.0
5.jpg_2_3.png,105.0,251.0,188.0
25.jpg_1_3.png,48.0,149.0,55.0
55.jpg_3_1.png,24.0,81.0,72.0
50.jpg_3_4.png,21.0,78.0,81.0
67.jpg_1_2.png,23.0,247.0,198.0
17.jpg_3_0.png,27.0,245.0,204.0
74.jpg_0_2.png,106.0,236.0,120.0
68.jpg_0_3.png,40.0,177.0,30.0
18.jpg_2_1.png,35.0,212.0,57.0
56.jpg_0_4.png,18.0,183.0,101.0
61.jpg_2_2.png,38.0,236.0,111.5
11.jpg_0_0.png,50.0,149.0,43.0
72.jpg_3_2.png,23.0,252.0,185.0
45.jpg_1_4.png,40.0,109.0,44.0
20.jpg_3_4.png,26.0,249.0,201.0
17.jpg_1_2.png,42.0,230.0,158.0
67.jpg_3_0.png,106.0,255.0,171.0
14.jpg_4_1.png,20.0,217.0,124.0
74.jpg_2_0.png,106.0,255.0,161.0
18.jpg_0_3.png,46.0,187.0,49.0
68.jpg_2_1.png,23.0,254.0,186.0
33.jpg_2_4.png,25.0,255.0,170.0
26.jpg_0_4.png,105.0,234.0,158.0
11.jpg_2_2.png,26.0,252.0,179.0
71.jpg_4_3.png,23.0,254.0,189.0
61.jpg_0_0.png,38.0,248.0,109.0
72.jpg_1_0.png,38.0,249.0,118.0
6.jpg_3_4.png,26.0,105.0,120.0
72.jpg_1_1.png,38.0,239.0,114.0
29.jpg_1_4.png,20.0,131.0,176.0
61.jpg_0_1.png,39.0,249.0,116.0
9.jpg_2_4.png,26.0,231.0,184.0
71.jpg_4_2.png,23.0,255.0,189.0
11.jpg_2_3.png,43.0,229.0,132.0
68.jpg_2_0.png,30.0,143.0,45.0
18.jpg_0_2.png,21.0,200.0,155.0
53.jpg_4_4.png,84.0,88.0,47.0
74.jpg_2_1.png,106.0,249.0,140.0
14.jpg_4_0.png,20.0,223.0,121.0
67.jpg_3_1.png,106.0,245.0,139.0
17.jpg_1_3.png,37.0,211.0,131.0
59.jpg_1_4.png,40.0,142.0,18.0
72.jpg_3_3.png,23.0,248.0,189.0
11.jpg_0_1.png,106.0,247.0,123.0
61.jpg_2_3.png,39.0,201.0,114.0
5.jpg_4_4.png,26.0,244.0,205.0
23.jpg_4_4.png,25.0,246.0,174.5
18.jpg_2_0.png,26.0,254.0,188.0
68.jpg_0_2.png,30.0,158.0,42.0
74.jpg_0_3.png,106.0,252.0,150.0
17.jpg_3_1.png,26.0,230.0,205.0
67.jpg_1_3.png,41.0,167.0,38.0
12.jpg_3_4.png,26.0,243.0,188.0
55.jpg_3_0.png,107.0,242.0,140.0
25.jpg_1_2.png,37.0,139.0,75.0
26.jpg_4_1.png,106.0,255.0,188.0
5.jpg_2_2.png,31.0,118.0,66.0
14.jpg_0_4.png,106.0,254.0,172.0
53.jpg_0_0.png,26.0,246.0,162.0
23.jpg_2_2.png,23.0,120.0,77.0
30.jpg_3_2.png,57.0,92.0,44.0
40.jpg_1_0.png,33.0,144.0,46.0
25.jpg_3_0.png,106.0,227.0,154.0
55.jpg_1_2.png,54.0,120.0,39.0
5.jpg_0_0.png,43.0,215.0,163.0
56.jpg_4_1.png,106.0,255.0,156.0
9.jpg_4_2.png,26.0,244.0,194.0
71.jpg_2_4.png,39.0,189.0,30.5
23.jpg_0_0.png,25.0,245.0,176.0
33.jpg_4_3.png,18.0,167.0,133.0
53.jpg_2_2.png,33.0,128.0,65.0
40.jpg_3_2.png,34.0,149.0,43.0
30.jpg_1_0.png,51.0,140.0,43.0
30.jpg_1_2.png,26.0,235.0,197.0
40.jpg_3_0.png,48.0,138.0,34.0
14.jpg_2_4.png,50.0,172.0,41.0
53.jpg_2_0.png,108.0,250.0,120.0
33.jpg_4_1.png,57.0,89.0,34.0
23.jpg_0_2.png,23.0,130.0,85.0
68.jpg_4_4.png,17.0,108.0,81.0
56.jpg_4_3.png,38.0,188.0,35.0
5.jpg_0_2.png,41.0,207.0,161.0
9.jpg_4_0.png,42.0,223.0,149.0
12.jpg_1_4.png,26.0,107.0,113.0
55.jpg_1_0.png,46.0,194.0,134.0
25.jpg_3_2.png,106.0,250.0,193.0
40.jpg_1_2.png,24.0,250.0,167.0
30.jpg_3_0.png,55.0,108.0,42.0
18.jpg_4_4.png,50.0,161.0,48.0
23.jpg_2_0.png,46.0,188.0,38.0
53.jpg_0_2.png,23.0,49.0,71.0
5.jpg_2_0.png,49.0,146.0,51.0
26.jpg_4_3.png,105.0,246.0,178.0
71.jpg_0_4.png,41.0,194.0,27.0
25.jpg_1_0.png,106.0,240.0,204.0
55.jpg_3_2.png,44.0,197.0,135.0
67.jpg_1_1.png,24.0,243.0,197.0
17.jpg_3_3.png,104.0,241.0,175.0
68.jpg_0_0.png,48.0,123.0,32.0
18.jpg_2_2.png,35.0,67.0,127.0
74.jpg_0_1.png,106.0,236.0,118.0
61.jpg_2_1.png,31.0,241.0,104.0
9.jpg_0_4.png,23.0,113.0,104.0
11.jpg_0_3.png,107.0,252.0,135.0
72.jpg_3_1.png,22.0,248.0,165.0
29.jpg_3_4.png,104.0,240.0,175.0
17.jpg_1_1.png,43.0,218.0,164.0
67.jpg_3_3.png,42.0,163.0,40.0
18.jpg_0_0.png,42.0,236.0,140.0
68.jpg_2_2.png,23.0,255.0,187.0
14.jpg_4_2.png,27.0,254.0,177.0
74.jpg_2_3.png,27.0,216.0,58.0
11.jpg_2_1.png,26.0,247.0,165.0
71.jpg_4_0.png,40.0,160.0,38.0
61.jpg_0_3.png,37.0,226.0,120.0
59.jpg_3_4.png,38.0,137.0,21.0
72.jpg_1_3.png,33.0,200.0,97.0
72.jpg_1_2.png,37.0,236.0,112.0
45.jpg_3_4.png,107.0,249.0,153.0
56.jpg_2_4.png,16.0,88.0,127.0
61.jpg_0_2.png,39.0,236.0,118.0
71.jpg_4_1.png,22.0,252.0,171.0
11.jpg_2_0.png,51.0,142.0,34.0
74.jpg_2_2.png,22.0,251.0,186.0
14.jpg_4_3.png,26.0,248.0,180.0
68.jpg_2_3.png,41.0,203.0,33.0
18.jpg_0_1.png,20.0,203.0,150.0
50.jpg_1_4.png,108.0,255.0,158.0
67.jpg_3_2.png,41.0,177.0,41.0
17.jpg_1_0.png,42.0,224.0,164.0
72.jpg_3_0.png,23.0,252.0,184.0
6.jpg_1_4.png,26.0,241.0,199.0
26.jpg_2_4.png,105.0,252.0,198.0
11.jpg_0_2.png,105.0,248.0,131.0
61.jpg_2_0.png,40.0,249.0,109.0
74.jpg_0_0.png,106.0,255.0,152.0
18.jpg_2_3.png,48.0,189.0,49.0
68.jpg_0_1.png,42.0,140.0,31.5
33.jpg_0_4.png,108.0,250.0,137.0
20.jpg_1_4.png,25.0,231.0,190.0
17.jpg_3_2.png,26.0,239.0,206.0
67.jpg_1_0.png,105.0,254.0,168.0
55.jpg_3_3.png,46.0,199.0,140.0
25.jpg_1_1.png,50.0,115.0,59.0
5.jpg_2_1.png,48.0,168.0,55.0
26.jpg_4_2.png,106.0,229.0,153.0
53.jpg_0_3.png,40.0,159.0,108.0
23.jpg_2_1.png,42.0,233.0,147.0
30.jpg_3_1.png,55.0,114.0,44.0
40.jpg_1_3.png,34.0,167.0,33.0
25.jpg_3_3.png,23.0,101.0,86.0
55.jpg_1_1.png,40.0,108.0,47.0
9.jpg_4_1.png,35.0,167.0,58.0
56.jpg_4_2.png,106.0,249.0,132.0
5.jpg_0_3.png,43.0,220.0,157.0
23.jpg_0_3.png,22.0,137.0,74.0
33.jpg_4_0.png,108.0,247.0,125.0
53.jpg_2_1.png,106.0,116.0,66.0
74.jpg_4_4.png,106.0,235.0,142.0
40.jpg_3_1.png,31.0,57.0,70.0
30.jpg_1_3.png,26.0,238.0,200.0
74.jpg_4_0.png,24.0,131.0,73.0
14.jpg_2_1.png,25.0,129.0,79.0
68.jpg_4_1.png,23.0,251.0,173.0
33.jpg_4_4.png,18.0,181.0,131.0
12.jpg_1_1.png,105.0,243.0,144.0
71.jpg_2_3.png,41.0,200.0,31.5
11.jpg_4_2.png,34.0,55.0,103.0
14.jpg_0_3.png,106.0,255.0,168.0
18.jpg_4_1.png,25.0,250.0,173.0
12.jpg_3_3.png,26.0,236.0,189.0
61.jpg_4_2.png,23.0,117.0,76.0
71.jpg_0_1.png,40.0,135.0,29.0
23.jpg_4_3.png,23.0,121.0,119.0
33.jpg_0_0.png,38.0,203.0,90.0
74.jpg_0_4.png,106.0,251.0,159.0
67.jpg_1_4.png,105.0,248.0,158.0
20.jpg_1_0.png,104.0,254.0,191.0
50.jpg_3_2.png,25.0,250.0,165.0
6.jpg_1_0.png,26.0,62.0,120.0
45.jpg_1_2.png,26.0,255.0,167.0
29.jpg_3_1.png,24.0,109.0,85.0
59.jpg_1_3.png,40.0,186.0,31.0
72.jpg_3_4.png,38.0,201.0,130.0
61.jpg_2_4.png,30.0,211.0,111.0
9.jpg_0_1.png,26.0,247.0,193.0
26.jpg_2_0.png,51.0,131.0,44.0
56.jpg_0_2.png,24.0,255.0,185.0
5.jpg_4_3.png,37.0,227.0,144.0
33.jpg_2_2.png,28.0,75.0,112.0
53.jpg_4_3.png,107.0,242.0,168.0
17.jpg_1_4.png,34.0,197.5,147.0
50.jpg_1_0.png,51.0,125.0,30.0
20.jpg_3_2.png,51.0,119.0,48.0
45.jpg_3_0.png,25.0,255.0,167.0
6.jpg_3_2.png,26.0,246.0,192.0
59.jpg_3_1.png,24.0,247.0,198.0
29.jpg_1_3.png,50.0,117.0,57.0
11.jpg_2_4.png,41.0,235.0,127.0
9.jpg_2_3.png,26.0,243.0,195.0
56.jpg_2_0.png,106.0,248.0,132.0
26.jpg_0_2.png,24.0,76.0,57.0
26.jpg_0_3.png,26.0,229.0,204.0
56.jpg_2_1.png,106.0,250.0,142.0
9.jpg_2_2.png,34.0,220.0,140.5
71.jpg_4_4.png,17.0,109.0,78.0
29.jpg_1_2.png,50.0,147.0,49.0
59.jpg_3_0.png,23.0,251.0,196.0
45.jpg_3_1.png,21.0,122.0,68.0
6.jpg_3_3.png,45.0,218.0,153.0
20.jpg_3_3.png,33.0,219.0,146.0
50.jpg_1_1.png,36.0,138.0,39.0
18.jpg_0_4.png,105.0,255.0,183.0
53.jpg_4_2.png,108.0,254.0,191.0
33.jpg_2_3.png,53.0,138.0,31.0
56.jpg_0_3.png,18.0,171.0,85.0
26.jpg_2_1.png,50.0,133.0,50.0
5.jpg_4_2.png,40.0,220.0,155.0
9.jpg_0_0.png,21.0,167.0,160.0
59.jpg_1_2.png,23.0,250.0,200.0
29.jpg_3_0.png,26.0,244.0,203.0
6.jpg_1_1.png,23.0,146.0,94.0
45.jpg_1_3.png,25.0,251.0,172.0
50.jpg_3_3.png,24.0,247.0,147.0
20.jpg_1_1.png,23.0,145.0,116.0
33.jpg_0_1.png,26.0,255.0,160.0
23.jpg_4_2.png,26.0,249.0,187.0
68.jpg_0_4.png,40.0,191.0,29.5
71.jpg_0_0.png,48.0,120.0,30.0
61.jpg_4_3.png,23.0,244.0,168.0
5.jpg_2_4.png,106.0,228.0,156.0
25.jpg_1_4.png,35.0,145.0,76.0
12.jpg_3_2.png,48.0,170.0,46.0
30.jpg_3_4.png,105.0,255.0,189.0
23.jpg_2_4.png,26.0,250.0,195.0
18.jpg_4_0.png,106.0,253.0,138.0
14.jpg_0_2.png,107.0,253.0,153.0
9.jpg_4_4.png,105.0,253.0,163.0
11.jpg_4_3.png,52.0,151.0,34.0
71.jpg_2_2.png,23.0,255.0,183.0
55.jpg_1_4.png,43.0,220.0,136.0
12.jpg_1_0.png,26.0,247.0,192.0
40.jpg_3_4.png,35.0,215.0,73.0
68.jpg_4_0.png,41.0,149.0,37.0
53.jpg_2_4.png,60.0,62.0,47.0
14.jpg_2_0.png,24.0,135.0,59.5
74.jpg_4_1.png,105.0,254.0,163.0
23.jpg_0_4.png,26.0,249.0,200.0
68.jpg_4_2.png,23.0,255.0,192.0
74.jpg_4_3.png,40.0,125.5,41.0
14.jpg_2_2.png,30.0,120.0,60.0
30.jpg_1_4.png,104.0,254.0,190.0
25.jpg_3_4.png,24.0,53.0,53.0
12.jpg_1_2.png,42.0,237.0,148.0
71.jpg_2_0.png,28.0,143.0,43.0
11.jpg_4_1.png,54.0,117.0,31.0
5.jpg_0_4.png,54.0,87.0,51.0
18.jpg_4_2.png,26.0,242.0,193.0
53.jpg_0_4.png,26.0,236.0,171.0
14.jpg_0_0.png,26.0,247.0,149.0
40.jpg_1_4.png,25.0,255.0,135.0
55.jpg_3_4.png,46.0,196.0,132.0
12.jpg_3_0.png,43.0,224.0,154.0
61.jpg_4_1.png,48.0,99.0,53.0
71.jpg_0_2.png,30.0,149.0,39.0
18.jpg_2_4.png,48.0,187.0,51.0
23.jpg_4_0.png,107.0,255.0,141.0
33.jpg_0_3.png,108.0,251.0,131.0
20.jpg_1_3.png,23.0,66.0,51.0
50.jpg_3_1.png,24.0,252.0,149.5
29.jpg_3_2.png,24.0,114.0,131.0
59.jpg_1_0.png,23.0,254.0,198.0
45.jpg_1_1.png,25.0,252.0,166.0
6.jpg_1_3.png,24.0,136.0,105.0
5.jpg_4_0.png,50.0,154.0,53.0
26.jpg_2_3.png,36.0,135.0,65.0
56.jpg_0_1.png,24.0,254.0,184.0
9.jpg_0_2.png,20.0,167.0,160.0
14.jpg_4_4.png,52.0,137.0,39.0
33.jpg_2_1.png,21.0,56.0,94.0
53.jpg_4_0.png,80.0,82.0,40.0
68.jpg_2_4.png,40.0,189.0,33.0
50.jpg_1_3.png,108.0,245.0,122.0
20.jpg_3_1.png,46.0,173.0,49.0
59.jpg_3_2.png,23.0,247.0,178.0
29.jpg_1_0.png,26.0,236.0,188.0
6.jpg_3_1.png,26.0,246.0,189.0
45.jpg_3_3.png,108.0,238.0,127.0
56.jpg_2_3.png,19.0,153.0,103.0
26.jpg_0_1.png,35.0,149.0,63.0
9.jpg_2_0.png,27.0,246.0,193.0
61.jpg_0_4.png,38.0,243.0,116.0
9.jpg_2_1.png,105.0,253.0,167.0
26.jpg_0_0.png,50.0,141.0,44.0
56.jpg_2_2.png,20.0,141.0,63.0
6.jpg_3_0.png,24.0,145.0,77.0
45.jpg_3_2.png,20.0,112.0,79.0
29.jpg_1_1.png,105.0,251.0,180.0
59.jpg_3_3.png,17.0,122.0,88.0
72.jpg_1_4.png,26.0,195.0,118.0
67.jpg_3_4.png,105.0,249.0,161.0
20.jpg_3_0.png,105.0,252.0,179.0
50.jpg_1_2.png,108.0,255.0,167.0
53.jpg_4_1.png,108.0,255.0,189.0
33.jpg_2_0.png,108.0,246.5,117.0
74.jpg_2_4.png,106.0,252.0,162.0
11.jpg_0_4.png,21.0,200.0,146.0
9.jpg_0_3.png,27.0,239.0,193.0
5.jpg_4_1.png,43.0,213.0,160.0
56.jpg_0_0.png,20.0,133.0,64.0
26.jpg_2_2.png,28.0,79.0,148.0
45.jpg_1_0.png,25.0,255.0,165.0
6.jpg_1_2.png,23.0,136.0,105.0
59.jpg_1_1.png,23.0,254.0,199.0
29.jpg_3_3.png,47.0,154.0,53.0
17.jpg_3_4.png,105.0,245.0,193.0
50.jpg_3_0.png,25.0,255.0,162.0
20.jpg_1_2.png,24.0,125.0,137.0
33.jpg_0_2.png,108.0,247.0,118.0
23.jpg_4_1.png,26.0,251.0,184.0
26.jpg_4_4.png,106.0,251.0,187.0
71.jpg_0_3.png,40.0,173.0,29.0
61.jpg_4_0.png,108.0,255.0,146.0
12.jpg_3_1.png,105.0,255.0,175.0
14.jpg_0_1.png,107.0,255.0,157.0
18.jpg_4_3.png,38.0,148.0,63.0
56.jpg_4_4.png,30.0,166.0,52.0
11.jpg_4_0.png,54.0,127.0,29.0
71.jpg_2_1.png,23.0,254.0,183.0
12.jpg_1_3.png,23.0,173.0,95.0
14.jpg_2_3.png,49.0,179.0,37.0
74.jpg_4_2.png,37.0,181.0,41.0
68.jpg_4_3.png,23.0,254.0,192.0
17.jpg_0_1.png,26.0,121.0,122.0
67.jpg_2_3.png,28.0,182.0,57.0
18.jpg_1_0.png,35.0,178.0,50.0
68.jpg_3_2.png,23.0,255.0,189.0
74.jpg_3_3.png,36.0,198.0,41.0
11.jpg_3_1.png,51.0,135.0,36.0
61.jpg_1_3.png,19.0,151.0,84.0
25.jpg_4_4.png,26.0,228.0,195.0
72.jpg_0_3.png,107.0,248.0,122.0
59.jpg_2_4.png,38.0,159.0,23.0
67.jpg_0_1.png,105.0,238.0,131.0
17.jpg_2_3.png,106.0,238.0,160.0
68.jpg_1_0.png,30.0,147.0,43.0
18.jpg_3_2.png,26.0,248.0,182.0
74.jpg_1_1.png,23.0,250.0,198.0
9.jpg_1_4.png,24.0,84.0,132.0
61.jpg_3_1.png,23.0,255.0,179.0
11.jpg_1_3.png,38.0,235.0,105.0
55.jpg_4_4.png,26.0,242.0,170.0
29.jpg_2_4.png,105.0,240.0,197.0
72.jpg_2_1.png,37.0,246.0,114.0
12.jpg_4_0.png,21.0,199.0,148.0
40.jpg_0_2.png,40.0,228.0,129.0
30.jpg_2_0.png,52.0,134.0,43.0
50.jpg_4_1.png,43.0,228.0,111.0
23.jpg_3_0.png,40.0,240.0,129.0
53.jpg_1_2.png,46.0,173.0,125.0
5.jpg_3_0.png,48.0,142.0,53.0
71.jpg_1_4.png,38.0,191.0,31.0
29.jpg_4_2.png,23.0,145.0,101.0
25.jpg_0_0.png,19.0,114.0,183.0
55.jpg_2_2.png,35.0,47.0,74.0
30.jpg_0_2.png,24.0,74.0,51.0
40.jpg_2_0.png,48.0,138.0,36.0
20.jpg_4_1.png,104.0,246.0,153.0
14.jpg_3_4.png,40.0,127.0,52.0
53.jpg_3_0.png,63.0,102.0,34.0
23.jpg_1_2.png,23.0,141.0,109.0
5.jpg_1_2.png,23.0,124.0,100.0
12.jpg_0_4.png,22.0,156.0,107.0
59.jpg_4_2.png,107.0,253.0,148.0
55.jpg_0_0.png,40.0,200.0,102.0
45.jpg_4_3.png,108.0,255.0,171.0
25.jpg_2_2.png,34.0,52.0,143.0
6.jpg_4_1.png,51.0,146.0,44.0
25.jpg_2_3.png,23.0,108.0,137.0
45.jpg_4_2.png,24.0,46.0,86.0
55.jpg_0_1.png,108.0,252.0,161.0
6.jpg_4_0.png,24.0,127.0,109.0
59.jpg_4_3.png,108.0,255.0,128.0
5.jpg_1_3.png,22.0,153.0,110.0
23.jpg_1_3.png,24.0,140.0,105.0
53.jpg_3_1.png,26.0,219.0,165.0
67.jpg_4_4.png,106.0,236.0,143.0
20.jpg_4_0.png,105.0,254.0,186.0
40.jpg_2_1.png,50.0,143.0,40.0
30.jpg_0_3.png,26.0,230.0,200.0
55.jpg_2_3.png,107.0,254.0,185.0
25.jpg_0_1.png,19.0,130.0,179.0
29.jpg_4_3.png,35.0,154.0,75.0
5.jpg_3_1.png,35.0,158.0,64.0
53.jpg_1_3.png,47.0,170.0,119.0
23.jpg_3_1.png,44.0,239.0,139.0
17.jpg_4_4.png,104.0,243.0,194.0
50.jpg_4_0.png,46.0,232.0,103.0
30.jpg_2_1.png,50.0,115.0,62.0
40.jpg_0_3.png,108.0,255.0,144.0
12.jpg_4_1.png,20.0,209.0,143.0
72.jpg_2_0.png,107.0,255.0,138.0
6.jpg_0_4.png,26.0,246.0,199.0
26.jpg_3_4.png,106.0,254.0,198.0
11.jpg_1_2.png,26.0,244.0,182.0
61.jpg_3_0.png,38.0,242.0,116.0
74.jpg_1_0.png,105.0,253.0,157.0
33.jpg_1_4.png,50.0,157.0,30.0
18.jpg_3_3.png,46.0,185.0,48.0
68.jpg_1_1.png,23.0,254.0,182.0
20.jpg_0_4.png,26.0,235.0,204.0
17.jpg_2_2.png,30.0,56.0,144.0
67.jpg_0_0.png,106.0,255.0,164.0
72.jpg_0_2.png,42.0,198.0,30.0
45.jpg_2_4.png,55.5,88.0,33.0
56.jpg_3_4.png,23.0,250.0,192.0
61.jpg_1_2.png,37.0,246.0,107.0
11.jpg_3_0.png,51.0,137.0,35.0
74.jpg_3_2.png,36.0,211.0,44.0
68.jpg_3_3.png,40.0,174.0,33.0
18.jpg_1_1.png,46.0,197.0,44.0
50.jpg_0_4.png,108.0,254.0,164.0
67.jpg_2_2.png,23.0,248.0,183.0
17.jpg_0_0.png,22.0,169.0,116.0
20.jpg_2_4.png,26.0,234.0,202.0
17.jpg_0_2.png,23.0,164.0,108.0
67.jpg_2_0.png,106.0,255.0,171.0
74.jpg_3_0.png,106.0,255.0,159.0
33.jpg_3_4.png,25.0,254.0,174.0
18.jpg_1_3.png,35.0,194.0,61.0
68.jpg_3_1.png,23.0,254.0,188.0
26.jpg_1_4.png,105.0,251.0,200.0
11.jpg_3_2.png,35.0,159.0,44.0
61.jpg_1_0.png,29.0,187.0,38.0
72.jpg_0_0.png,38.0,251.0,115.0
6.jpg_2_4.png,22.0,161.0,114.0
50.jpg_2_4.png,109.0,255.0,154.0
67.jpg_0_2.png,106.0,239.0,132.0
17.jpg_2_0.png,23.0,157.0,109.0
74.jpg_1_2.png,23.0,252.0,199.0
68.jpg_1_3.png,23.0,255.0,185.0
18.jpg_3_1.png,26.0,251.0,191.0
56.jpg_1_4.png,20.0,128.0,116.0
61.jpg_3_2.png,23.0,245.0,164.0
11.jpg_1_0.png,35.0,137.0,46.0
72.jpg_2_2.png,26.0,234.0,111.0
12.jpg_4_3.png,106.0,255.0,169.0
45.jpg_0_4.png,55.0,108.0,35.0
40.jpg_0_1.png,24.0,249.0,169.0
30.jpg_2_3.png,36.0,146.5,62.0
50.jpg_4_2.png,45.0,206.0,102.0
23.jpg_3_3.png,33.0,169.0,54.0
53.jpg_1_1.png,60.0,111.0,33.0
5.jpg_3_3.png,33.0,210.0,146.0
25.jpg_0_3.png,105.0,236.0,182.0
55.jpg_2_1.png,59.0,89.0,40.0
72.jpg_4_4.png,39.0,185.0,121.0
29.jpg_4_1.png,24.0,58.0,50.0
30.jpg_0_1.png,35.0,156.0,59.0
40.jpg_2_3.png,36.0,150.0,31.0
20.jpg_4_2.png,104.0,236.0,154.0
53.jpg_3_3.png,107.0,248.0,176.0
23.jpg_1_1.png,37.0,238.0,128.0
5.jpg_1_1.png,50.0,160.0,49.0
6.jpg_4_2.png,26.0,246.0,192.0
55.jpg_0_3.png,26.0,247.0,186.0
45.jpg_4_0.png,42.0,217.0,116.0
25.jpg_2_1.png,49.0,148.0,53.0
59.jpg_4_1.png,106.0,242.0,138.0
59.jpg_4_0.png,107.0,253.0,155.0
6.jpg_4_3.png,25.0,238.0,179.0
25.jpg_2_0.png,105.0,236.0,164.0
45.jpg_4_1.png,21.0,77.0,70.0
55.jpg_0_2.png,54.0,123.0,39.0
5.jpg_1_0.png,105.0,254.0,192.0
71.jpg_3_4.png,40.0,175.0,29.0
23.jpg_1_0.png,41.0,232.0,142.0
53.jpg_3_2.png,108.0,254.0,173.0
20.jpg_4_3.png,104.0,238.0,151.0
40.jpg_2_2.png,47.0,168.0,42.0
30.jpg_0_0.png,50.0,146.0,43.0
12.jpg_2_4.png,31.0,57.0,128.0
29.jpg_4_0.png,26.0,230.0,191.0
55.jpg_2_0.png,107.0,239.0,143.0
25.jpg_0_2.png,106.0,235.0,206.0
5.jpg_3_2.png,48.0,158.0,50.0
14.jpg_1_4.png,105.0,250.0,151.0
53.jpg_1_0.png,109.0,255.0,163.0
23.jpg_3_2.png,48.0,154.0,41.0
50.jpg_4_3.png,22.0,45.0,27.0
30.jpg_2_2.png,29.0,118.0,85.0
40.jpg_0_0.png,25.0,254.0,182.0
12.jpg_4_2.png,105.0,255.0,172.0
72.jpg_2_3.png,34.0,222.0,109.0
59.jpg_0_4.png,37.0,161.0,19.0
11.jpg_1_1.png,26.0,248.0,182.0
61.jpg_3_3.png,23.0,241.0,183.0
18.jpg_3_0.png,26.0,254.0,185.0
68.jpg_1_2.png,23.0,252.0,183.0
74.jpg_1_3.png,38.0,197.0,38.0
17.jpg_2_1.png,26.0,65.0,142.0
67.jpg_0_3.png,106.0,252.0,157.0
30.jpg_4_4.png,106.0,252.0,178.0
29.jpg_0_4.png,20.0,112.0,181.0
72.jpg_0_1.png,29.0,200.0,41.0
9.jpg_3_4.png,26.0,234.0,195.0
61.jpg_1_1.png,39.0,208.0,28.0
11.jpg_3_3.png,35.0,152.0,44.0
68.jpg_3_0.png,29.0,146.0,47.0
18.jpg_1_2.png,45.0,191.0,49.0
74.jpg_3_1.png,105.0,244.0,133.0
67.jpg_2_1.png,106.0,250.0,155.0
17.jpg_0_3.png,23.0,139.0,108.0
40.jpg_4_4.png,109.0,253.0,134.0
68.jpg_3_4.png,40.0,170.0,31.0
33.jpg_3_1.png,25.0,249.0,168.0
50.jpg_0_3.png,108.0,255.0,170.0
20.jpg_2_1.png,40.0,216.0,165.0
40.jpg_4_0.png,20.0,115.5,83.0
59.jpg_2_2.png,23.0,250.0,200.0
29.jpg_0_0.png,26.0,235.0,198.0
25.jpg_4_2.png,26.0,232.0,206.0
45.jpg_2_3.png,26.0,238.0,171.0
6.jpg_2_1.png,27.0,157.0,74.0
56.jpg_3_3.png,32.0,194.0,50.0
26.jpg_1_1.png,26.0,238.0,199.0
9.jpg_3_0.png,26.0,239.0,179.0
33.jpg_1_3.png,51.0,149.0,29.0
18.jpg_3_4.png,46.0,161.0,48.0
20.jpg_0_3.png,24.0,82.0,58.0
50.jpg_2_1.png,50.0,119.0,30.0
30.jpg_4_0.png,106.0,255.0,178.0
29.jpg_2_2.png,35.0,74.0,78.0
59.jpg_0_0.png,19.0,162.0,95.0
6.jpg_0_3.png,23.0,128.0,91.0
45.jpg_0_1.png,52.0,143.0,34.0
55.jpg_4_2.png,25.0,227.0,165.0
26.jpg_3_3.png,52.0,118.0,48.0
56.jpg_1_1.png,42.0,148.0,34.0
9.jpg_1_2.png,42.0,211.0,154.5
53.jpg_1_4.png,26.0,227.0,171.0
14.jpg_1_0.png,24.0,83.0,33.0
17.jpg_4_3.png,47.0,182.0,56.0
40.jpg_0_4.png,109.0,255.0,130.0
55.jpg_2_4.png,35.0,192.0,118.0
29.jpg_4_4.png,43.0,203.0,162.0
12.jpg_2_0.png,45.0,226.0,151.0
72.jpg_4_1.png,23.0,232.0,179.0
71.jpg_1_2.png,23.0,252.0,179.0
23.jpg_1_4.png,26.0,246.0,198.0
14.jpg_3_2.png,22.0,154.0,73.0
67.jpg_4_3.png,47.0,97.0,41.0
30.jpg_0_4.png,104.0,236.0,149.0
25.jpg_2_4.png,23.0,136.0,98.0
12.jpg_0_2.png,44.0,218.0,155.0
59.jpg_4_4.png,107.0,251.0,116.0
71.jpg_3_0.png,27.0,147.0,47.0
5.jpg_1_4.png,105.0,220.0,158.0
71.jpg_3_1.png,23.0,254.0,186.0
12.jpg_0_3.png,43.0,222.0,157.0
45.jpg_4_4.png,108.0,255.0,174.0
67.jpg_4_2.png,42.0,154.0,42.0
14.jpg_3_3.png,26.0,241.0,181.0
71.jpg_1_3.png,23.0,255.0,180.0
72.jpg_4_0.png,17.0,72.0,113.0
12.jpg_2_1.png,105.0,254.0,172.0
17.jpg_4_2.png,34.0,165.0,71.0
14.jpg_1_1.png,35.0,177.0,41.0
11.jpg_1_4.png,21.0,196.0,146.0
9.jpg_1_3.png,23.0,123.0,109.0
56.jpg_1_0.png,44.0,117.0,30.0
26.jpg_3_2.png,57.0,86.5,47.0
6.jpg_0_2.png,24.0,123.5,82.0
55.jpg_4_3.png,26.0,234.0,175.0
45.jpg_0_0.png,52.0,162.0,29.0
59.jpg_0_1.png,30.0,207.0,57.5
29.jpg_2_3.png,38.0,146.0,74.0
17.jpg_2_4.png,104.0,243.0,191.0
30.jpg_4_1.png,106.0,255.0,180.0
50.jpg_2_0.png,40.0,136.0,37.0
20.jpg_0_2.png,23.0,135.0,102.0
33.jpg_1_2.png,26.0,249.0,164.0
9.jpg_3_1.png,26.0,242.0,179.0
61.jpg_1_4.png,18.0,174.0,83.0
26.jpg_1_0.png,51.0,145.0,45.0
56.jpg_3_2.png,106.0,253.0,156.0
45.jpg_2_2.png,23.0,89.0,62.0
25.jpg_4_3.png,26.0,240.0,207.0
6.jpg_2_0.png,26.0,245.0,186.0
72.jpg_0_4.png,106.0,253.0,154.0
29.jpg_0_1.png,105.0,231.0,146.0
59.jpg_2_3.png,22.0,252.0,148.0
67.jpg_2_4.png,106.0,253.0,170.0
40.jpg_4_1.png,40.0,206.0,130.0
20.jpg_2_0.png,105.0,254.0,188.0
50.jpg_0_2.png,51.0,127.0,33.0
33.jpg_3_0.png,108.0,255.0,154.0
74.jpg_3_4.png,105.0,249.0,157.0
33.jpg_3_2.png,52.0,111.0,33.0
17.jpg_0_4.png,26.0,236.0,201.0
50.jpg_0_0.png,54.0,128.0,32.0
20.jpg_2_2.png,28.0,102.0,154.0
40.jpg_4_3.png,45.0,232.0,95.0
6.jpg_2_2.png,29.0,100.0,76.0
25.jpg_4_1.png,26.0,235.0,193.0
45.jpg_2_0.png,21.0,119.0,66.0
59.jpg_2_1.png,106.0,238.0,129.0
29.jpg_0_3.png,105.0,246.0,194.0
11.jpg_3_4.png,48.0,155.0,33.0
9.jpg_3_3.png,26.0,243.0,196.0
56.jpg_3_0.png,106.0,255.0,154.0
26.jpg_1_2.png,26.0,234.0,201.0
33.jpg_1_0.png,26.0,250.0,160.0
74.jpg_1_4.png,105.0,248.0,152.0
67.jpg_0_4.png,106.0,252.0,166.0
20.jpg_0_0.png,104.0,248.0,179.5
50.jpg_2_2.png,34.0,41.0,104.0
30.jpg_4_3.png,105.0,248.0,171.0
45.jpg_0_2.png,105.0,97.0,78.0
55.jpg_4_1.png,26.0,241.0,181.0
6.jpg_0_0.png,26.0,251.0,186.0
72.jpg_2_4.png,40.0,215.0,124.0
29.jpg_2_1.png,105.0,252.0,182.0
59.jpg_0_3.png,41.0,191.0,35.0
9.jpg_1_1.png,38.0,231.0,132.0
61.jpg_3_4.png,106.0,253.0,154.0
26.jpg_3_0.png,55.0,104.0,44.0
56.jpg_1_2.png,24.0,250.0,186.0
14.jpg_1_3.png,105.0,249.0,144.0
50.jpg_4_4.png,23.0,61.0,49.0
17.jpg_4_0.png,49.0,164.0,50.0
12.jpg_2_3.png,45.0,206.0,145.0
72.jpg_4_2.png,23.0,134.0,80.0
71.jpg_1_1.png,23.0,255.0,179.0
14.jpg_3_1.png,24.0,134.5,99.0
20.jpg_4_4.png,26.0,241.0,199.0
67.jpg_4_0.png,22.0,62.0,126.0
12.jpg_0_1.png,52.0,115.0,42.0
6.jpg_4_4.png,42.0,216.0,152.0
71.jpg_3_3.png,40.0,177.0,32.0
71.jpg_3_2.png,23.0,255.0,186.0
55.jpg_0_4.png,38.0,219.0,122.0
12.jpg_0_0.png,26.0,246.0,194.0
67.jpg_4_1.png,106.0,255.0,175.0
40.jpg_2_4.png,109.0,253.0,126.0
53.jpg_3_4.png,80.0,87.0,42.0
14.jpg_3_0.png,24.0,137.0,61.0
71.jpg_1_0.png,30.0,146.0,40.0
5.jpg_3_4.png,38.0,209.0,134.0
25.jpg_0_4.png,43.0,200.0,165.0
72.jpg_4_3.png,23.0,244.0,188.0
12.jpg_2_2.png,34.0,224.0,132.0
17.jpg_4_1.png,48.0,161.0,52.0
30.jpg_2_4.png,105.0,255.0,189.0
23.jpg_3_4.png,26.0,250.0,193.0
14.jpg_1_2.png,107.0,255.0,159.0
56.jpg_1_3.png,18.0,91.0,118.0
26.jpg_3_1.png,55.0,104.0,46.0
9.jpg_1_0.png,24.0,117.0,82.0
12.jpg_4_4.png,105.0,244.0,135.0
59.jpg_0_2.png,39.0,167.0,42.0
29.jpg_2_0.png,26.0,235.0,201.0
55.jpg_4_0.png,26.0,232.0,179.0
45.jpg_0_3.png,53.0,112.0,33.0
6.jpg_0_1.png,25.0,85.0,47.0
30.jpg_4_2.png,105.0,237.0,148.0
50.jpg_2_3.png,25.0,247.0,170.0
20.jpg_0_1.png,46.0,184.0,53.0
68.jpg_1_4.png,40.0,194.0,34.0
33.jpg_1_1.png,25.0,246.0,149.0
26.jpg_1_3.png,26.0,236.0,204.0
56.jpg_3_1.png,106.0,253.0,154.0
9.jpg_3_2.png,27.0,249.0,195.0
29.jpg_0_2.png,105.0,241.0,156.0
59.jpg_2_0.png,21.0,78.0,125.0
6.jpg_2_3.png,43.0,219.0,159.0
45.jpg_2_1.png,23.0,34.0,97.0
25.jpg_4_0.png,26.0,232.0,203.0
40.jpg_4_2.png,43.0,220.0,121.0
20.jpg_2_3.png,44.0,200.0,158.0
50.jpg_0_1.png,51.0,139.0,33.0
33.jpg_3_3.png,51.0,128.0,32.0
18.jpg_1_4.png,105.0,254.0,181.0
